story_id	participant_id	participant_age	semantic_similarity
Story1	p2	18	0.702485978603363
Story4	p2	18	0.5189160704612732
Story5	p2	18	0.46796953678131104
Story9	p2	18	0.5148465037345886
Story1	p3	18	0.7369452714920044
Story4	p3	18	0.6754153370857239
Story5	p3	18	0.672727644443512
Story9	p3	18	0.4587456285953522
Story1	p4	18	0.8531844615936279
Story4	p4	18	0.7090972661972046
Story5	p4	18	0.7296902537345886
Story9	p4	18	0.7032037377357483
